-10122.989111866334,-32728.1301803374,60.1,1736656071.375,-0.53125,5.78125,-4.875
-10124.168490612888,-32730.698354001204,58.3,1736656071.375,-1.1484375,3.0234375,4.875
-10123.254138321305,-32730.494132384065,52.1,1736656071.45,-0.296875,3.4140625,-2.921875
-10122.733718932765,-32728.16872738996,60.8,1736656071.45,-0.2734375,5.796875,-1.296875
-10123.895930966548,-32731.068096850147,53.7,1736656071.45,-0.8046875,2.71875,-4.554688
-10123.302557203053,-32730.683509309016,55.5,1736656071.45,-0.3046875,3.21875,4.554688
-10123.57957432329,-32729.47401630304,61.2,1736656071.45,-0.828125,4.34375,-6.828125
-10124.129603660296,-32730.890392846755,56.7,1736656071.45,-1.0703125,2.84375,-9.109375
-10123.293233348057,-32729.47691189104,58.6,1736656071.531,-0.578125,4.3828125,-10.08594
-10123.113421830696,-32731.29880413631,54.7,1736656071.531,-0.015625,2.640625,9.4375
-10123.097394569424,-32730.12676883141,57.9,1736656071.6,0.0859375,3.828125,-4.554688
-10124.77818527842,-32731.08739693952,54.9,1736656071.6,-1.4609375,2.6640625,-7.484375
-10123.217177604984,-32730.513224926537,53.9,1736656071.6,0.015625,3.4296875,7.15625
-10123.182651985488,-32730.11597870109,54.9,1736656071.6,0.0,3.828125,8.132812
-10123.201676256607,-32730.51518676841,58.8,1736656071.6,0.03125,3.4296875,-10.41406
-10123.854390662553,-32730.881444284834,53.2,1736656071.6,-0.5703125,2.984375,-6.507812
-10122.719283296146,-32730.001376362467,58.5,1736656071.6,0.4453125,4.0,-6.828125
-10123.373822053483,-32731.458689870185,53.0,1736656071.75,-0.0546875,2.4453125,-1.625
-10123.204513903069,-32730.48963730192,57.7,1736656071.825,0.140625,3.4296875,9.109375
-10123.164752864765,-32730.28906775821,55.0,1736656071.825,0.1640625,3.6328125,-4.554688
-10124.354225825133,-32730.74922098336,57.4,1736656071.825,-0.984375,3.078125,8.78125
-10124.188761737709,-32731.31912842088,54.6,1736656071.825,-0.7734375,2.5234375,-5.203125
-10124.873066675362,-32731.441920872378,56.8,1736656071.9,-0.875,2.6953125,8.460938
-10123.974964132369,-32730.181784739943,58.0,1736656071.9,0.1875,3.8203125,-6.507812
-10124.165343872644,-32730.003089961,53.9,1736656071.9,0.0234375,4.0234375,10.08594
-10125.05808704729,-32731.301919194582,54.5,1736656071.9,-1.0390625,2.859375,-7.484375
-10124.368643333071,-32731.04079579209,55.0,1736656071.9,-0.3203125,3.0234375,7.804688
-10125.187763961218,-32731.655125969224,52.6,1736656072.05,-0.7890625,2.7265625,-7.15625
-10125.106448168324,-32730.49010264612,57.0,1736656072.05,-0.359375,3.8125,-4.875
-10125.551218634277,-32731.67203615959,54.3,1736656072.05,-1.140625,2.8203125,-8.132812
-10124.665560688476,-32731.596068167288,55.7,1736656072.126,-0.2734375,2.625,4.226562
-10124.330668319968,-32730.66207449931,56.7,1736656072.126,0.328125,3.4140625,-8.78125
-10124.416551282864,-32731.295810010943,54.2,1736656072.126,0.0546875,2.8359375,-7.804688
-10125.270610970303,-32731.23881820526,54.4,1736656072.126,-0.7421875,3.1484375,2.601562
-10123.30365694363,-32731.393657340268,56.0,1736656072.126,1.0859375,2.40625,4.226562
-10123.991026250204,-32730.27790651125,56.8,1736656072.2,0.15625,3.6328125,-3.578125
-10123.91277356362,-32731.0723141826,55.5,1736656072.2,0.109375,2.8359375,10.08594
-10123.888946961422,-32730.673058077373,57.9,1736656072.2,0.1953125,3.2265625,5.203125
-10124.369000619536,-32729.5388379825,60.3,1736656072.2,-0.1015625,4.421875,-7.15625
-10123.858624971646,-32730.26486439682,55.3,1736656072.2,0.2890625,3.625,2.273438
-10123.88143583708,-32730.07073126665,57.7,1736656072.2,0.296875,3.8203125,-7.484375
-10123.084888671214,-32730.67917525137,57.1,1736656072.275,1.0546875,3.0546875,4.554688
-10124.396675540303,-32730.55328438252,55.9,1736656072.275,-0.2109375,3.421875,9.757812
-10125.063611792186,-32731.02114368294,55.4,1736656072.275,-0.953125,3.0859375,4.554688
-10124.453137299006,-32731.39081823181,52.3,1736656072.275,-0.421875,2.609375,-9.4375
-10124.949822942255,-32731.41308377917,59.1,1736656072.275,-0.9140625,2.6796875,-3.25
-10124.226424931678,-32730.107690629466,56.4,1736656072.275,0.0390625,3.828125,9.4375
-10123.968909221205,-32730.67124789512,57.1,1736656072.275,0.1875,3.2265625,-3.25
-10124.93191197026,-32731.17118072482,53.9,1736656072.35,-0.8515625,2.9140625,-1.945312
-10124.939927143429,-32731.63383295396,54.6,1736656072.35,-0.9453125,2.4609375,8.460938
-10123.951011085815,-32728.28266942704,62.4,1736656072.35,0.6484375,5.5703125,-7.15625
-10125.344153450158,-32731.177495185024,54.2,1736656072.35,-1.2578125,2.984375,-3.578125
-10123.800702035454,-32730.84619151016,59.2,1736656072.35,0.3203125,3.0234375,-8.78125
-10124.098051555378,-32730.282207996544,58.3,1736656072.35,0.1328125,3.6328125,-10.41406
-10124.212054600666,-32728.44553530717,62.3,1736656072.425,0.03125,5.40625,-10.41406
-10124.001889880688,-32729.60763862048,59.7,1736656072.425,0.0859375,4.2265625,2.921875
-10124.719417475477,-32731.67375709649,51.5,1736656072.425,-0.8984375,2.2734375,5.203125
-10123.301250417437,-32731.374268684733,57.9,1736656072.425,0.546875,2.3828125,-6.507812
-10124.548077818885,-32730.121859270384,54.2,1736656072.425,-0.5234375,3.7890625,5.851562
-10124.220753436031,-32730.44864202857,54.5,1736656072.425,-0.2421875,3.421875,10.08594
-10124.791701775614,-32731.48635587389,55.6,1736656072.425,-0.9453125,2.46875,-9.757812
-10124.824530149916,-32731.54107023012,53.4,1736656072.501,-0.7578125,2.53125,9.109375
-10124.17521489344,-32730.662681951944,58.0,1736656072.501,0.078125,3.234375,-7.15625
-10124.059679426704,-32731.044720318783,55.1,1736656072.501,0.1015625,2.8359375,-6.507812
-10124.755414661016,-32729.98347300042,54.8,1736656072.65,0.0234375,4.0234375,4.554688
-10123.223701247603,-32731.36577216913,55.9,1736656072.65,1.0234375,2.21875,5.53125
-10124.395801384886,-32730.694290003004,59.7,1736656072.65,0.1328125,3.234375,-2.273438
-10124.684547549734,-32731.00815369621,56.3,1736656072.65,-0.2421875,3.03125,1.625
-10125.16917283879,-32731.52140738088,57.1,1736656072.725,-0.8671875,2.703125,-8.78125
-10125.458454751755,-32731.49679995086,55.4,1736656072.725,-1.1328125,2.8203125,7.804688
-10124.750596167098,-32730.284990102995,55.9,1736656072.8,-0.625,3.578125,9.4375
-10125.085823435096,-32731.36325124616,57.3,1736656072.8,-1.1640625,2.5859375,5.851562
-10124.977963897976,-32730.824053245127,59.0,1736656072.8,-0.953125,3.09375,-2.273438
-10124.408205760432,-32731.005490865304,55.2,1736656072.8,-0.4296875,2.8046875,-8.132812
-10124.129712932056,-32731.32449405276,51.8,1736656072.8,-0.21875,2.4375,7.484375
-10124.36729571398,-32731.41155897475,53.6,1736656072.8,-0.46875,2.3984375,-2.273438
-10124.376780104434,-32730.801247123964,55.2,1736656072.875,-0.1015625,3.0390625,-5.851562
-10123.840398046616,-32730.87788516683,53.7,1736656072.875,0.390625,2.8125,-3.898438
-10124.55324012781,-32730.942809486955,57.9,1736656072.952,0.2890625,3.0234375,-7.15625
-10125.38966759115,-32731.732705975024,54.5,1736656072.952,-0.8203125,2.71875,-5.851562
-10125.423079780225,-32731.237261067017,57.4,1736656072.952,-0.6171875,3.171875,-8.78125
-10124.849008182042,-32731.551370055124,55.5,1736656072.952,-0.2578125,2.625,-4.226562
-10125.256456678891,-32732.166230287392,53.1,1736656073.025,-0.90625,2.2734375,-6.179688
-10124.74454682983,-32731.57110835012,52.7,1736656073.1,-0.625,2.3671875,-8.132812
-10124.5776021734,-32730.59578509178,58.0,1736656073.1,-0.1484375,3.234375,5.851562
-10124.69807150488,-32730.868912293463,54.7,1736656073.1,-0.3515625,3.015625,10.08594
-10125.43541987393,-32731.652981581403,54.9,1736656073.1,-1.3046875,2.515625,-5.851562
-10124.288860716497,-32729.685803575845,56.3,1736656073.1,0.421875,4.0,-5.851562
-10124.699940340164,-32730.55511155039,55.0,1736656073.175,-0.7109375,3.15625,2.273438
-10124.111808663472,-32730.7648583239,56.2,1736656073.175,-0.1796875,2.828125,-9.109375
-10123.927435769408,-32730.91716255017,55.9,1736656073.175,-0.03125,2.640625,1.945312
-10123.779951100663,-32730.486154657283,56.9,1736656073.175,0.203125,3.03125,10.08594
-10124.92198076114,-32730.450810469305,56.9,1736656073.175,-0.90625,3.3046875,6.179688
-10123.299223145585,-32730.455230600823,55.9,1736656073.175,0.6796875,2.9609375,6.507812
-10124.447582284669,-32729.83003781916,59.3,1736656073.25,-0.3125,3.8125,8.460938
-10124.08218753217,-32730.34308283713,59.1,1736656073.25,-0.0625,3.234375,0.96875
-10124.736670251665,-32731.018353707816,52.7,1736656073.25,-0.84375,2.7109375,-6.179688
-10124.17198854149,-32731.193170285194,55.7,1736656073.25,-0.328125,2.421875,5.53125
-10124.96352859567,-32731.51633983264,54.0,1736656073.325,-0.6015625,2.5703125,3.898438
-10125.489892699,-32731.18500669056,56.5,1736656073.325,-0.9375,3.09375,-7.484375
-10123.318429928824,-32731.14197776409,55.1,1736656073.325,1.046875,2.2109375,4.226562
-10123.243972289574,-32730.54621800314,57.3,1736656073.325,1.3671875,2.71875,-6.507812
-10125.135060750365,-32731.665787256192,56.1,1736656073.325,-0.8203125,2.5078125,-9.4375
-10123.81803357665,-32730.99655373512,55.8,1736656073.325,0.65625,2.5546875,-9.4375
-10125.003554478635,-32731.30213600388,55.1,1736656073.325,-0.546875,2.78125,-6.828125
-10125.248478256986,-32731.5135060972,56.5,1736656073.4,-0.671875,2.7578125,-7.484375
-10125.455231035718,-32731.43245244376,53.9,1736656073.4,-0.8125,2.9296875,-1.945312
-10123.934930297208,-32730.821056260105,54.9,1736656073.4,0.8125,2.71875,3.898438
-10123.904475203955,-32731.01897691328,55.6,1736656073.4,0.7421875,2.53125,-8.460938
-10124.908188884116,-32731.2418844154,54.8,1736656073.4,-0.2421875,2.828125,8.78125
-10124.30107246559,-32730.827422499435,56.0,1736656073.475,0.2734375,2.8203125,-7.804688
-10124.463909482713,-32730.25403802948,55.5,1736656073.475,0.3828125,3.40625,-7.804688
-10123.362845345517,-32730.04704587008,56.7,1736656073.475,1.4609375,3.1015625,-10.08594
-10124.622305276516,-32730.742799549327,57.1,1736656073.475,0.0234375,3.0390625,-7.484375
-10125.549849821042,-32731.43934900016,53.2,1736656073.475,-1.1171875,2.828125,10.08594
-10123.979881537378,-32730.929514680407,55.1,1736656073.475,0.515625,2.5859375,6.179688
-10123.92994575272,-32730.50338271885,54.9,1736656073.475,0.75,2.9453125,10.08594
-10124.600691394611,-32730.42665439151,53.8,1736656073.557,-0.125,3.234375,2.601562
-10124.510428911608,-32731.047318766345,56.9,1736656073.625,-0.2734375,2.625,-6.179688
-10123.973467997406,-32730.55033609794,56.9,1736656073.7,0.1796875,2.828125,-4.875
-10123.79814055676,-32730.706069730582,52.7,1736656073.7,0.296875,2.625,7.15625
-10124.035237583905,-32730.562656947743,54.3,1736656073.7,0.1171875,2.8359375,-9.757812
-10124.349273308935,-32731.103541297503,53.2,1736656073.7,-0.3515625,2.421875,-9.757812
-10124.83777163257,-32729.80873223026,56.7,1736656073.7,-0.40625,3.8046875,7.804688
-10123.123252421075,-32729.863966517954,54.0,1736656073.7,1.203125,3.2109375,5.203125
-10124.001251705697,-32730.49211983434,54.8,1736656073.775,0.015625,2.8359375,-4.875
-10123.930517047156,-32730.259965717727,57.3,1736656073.775,0.1484375,3.0390625,3.25
-10124.089172386322,-32730.72114083334,53.7,1736656073.775,-0.1328125,2.640625,-5.851562
-10123.970795215697,-32728.864009037898,53.3,1736656073.85,0.5,4.390625,8.460938
-10124.209013292551,-32729.722646618902,55.0,1736656073.85,0.03125,3.6328125,9.757812
-10124.386836336163,-32731.068187779903,51.7,1736656073.85,-0.515625,2.390625,-7.15625
-10123.508174140134,-32730.592665235137,59.7,1736656073.85,0.4609375,2.6015625,8.132812
-10124.553858506091,-32730.71810885322,59.0,1736656073.85,-0.578125,2.7734375,1.625
-10124.420866045111,-32728.3522339041,57.2,1736656073.85,0.2109375,5.0078125,6.179688
-10124.250701869732,-32729.327939384595,55.6,1736656073.85,0.1015625,4.0234375,-4.226562
-10124.08489672126,-32730.93145537627,51.2,1736656073.85,-0.1875,2.4375,5.203125
-10124.773898174872,-32731.097590686983,54.6,1736656073.925,-0.75,2.53125,-7.804688
-10123.093532029729,-32730.18658351284,55.8,1736656073.925,1.140625,2.8125,-10.08594
-10124.911934073907,-32731.47208748056,53.3,1736656073.925,-1.0078125,2.2265625,8.78125
-10125.174252951978,-32731.459496500807,52.9,1736656073.925,-1.25,2.328125,-6.179688
-10124.851884025808,-32731.408657312222,56.0,1736656073.925,-0.9296875,2.265625,-7.484375
-10123.146399290446,-32729.790126456803,59.7,1736656073.925,1.2265625,3.203125,5.203125
-10124.423019891656,-32728.56710186303,60.7,1736656073.925,0.4453125,4.7890625,2.921875
-10124.183897232191,-32730.98258193675,53.8,1736656073.925,-0.15625,2.4375,8.78125
-10123.875340465367,-32730.6531262451,56.3,1736656074.0,0.3984375,2.609375,-6.828125
-10125.436483605314,-32731.161505800537,54.9,1736656074.0,-1.234375,2.78125,-6.507812
-10124.406183471596,-32730.00027594431,55.7,1736656074.0,0.1796875,3.421875,-3.578125
-10124.32278086254,-32730.521919578263,56.5,1736656074.075,-0.1484375,2.828125,3.25
-10124.884809889209,-32730.60809727747,56.9,1736656074.075,-0.703125,2.953125,1.945312
-10123.29668938866,-32730.463518368542,51.5,1736656074.075,0.828125,2.5078125,4.875
-10123.36659723772,-32730.071339456703,48.1,1736656074.075,0.90625,2.8984375,1.945312
-10123.615981745404,-32730.69785304905,53.6,1736656074.075,0.4453125,2.40625,9.4375
-10124.356680652902,-32730.307936293382,55.9,1736656074.15,0.0546875,3.0390625,1.625
-10124.538372924597,-32730.177177807283,53.9,1736656074.15,-0.0546875,3.234375,-6.507812
-10123.560960042005,-32730.47983287844,55.0,1736656074.15,0.703125,2.546875,-3.578125
-10124.017790477585,-32730.184322369423,56.5,1736656074.15,0.4140625,3.0078125,5.851562
-10124.370840589458,-32730.31454211065,56.2,1736656074.15,0.0390625,3.0390625,-3.898438
-10124.65542947669,-32730.240407222307,55.9,1736656074.225,-0.1875,3.2265625,5.203125
-10124.847978776308,-32730.123334521744,57.4,1736656074.225,-0.3125,3.4140625,8.132812
-10124.51243995502,-32730.38060028329,56.2,1736656074.225,-0.1171875,3.0390625,8.460938
-10123.852122449567,-32730.13289828435,57.7,1736656074.225,0.5859375,2.984375,6.507812
-10124.435589348312,-32731.02579340169,52.8,1736656074.225,-0.3203125,2.421875,9.4375
-10125.180164440484,-32731.170403948447,56.8,1736656074.3,-0.6953125,2.75,-6.507812
-10124.038880943506,-32730.82884658482,61.8,1736656074.3,0.4453125,2.40625,6.507812
-10125.03647497563,-32731.01937292865,54.4,1736656074.3,-0.4921875,2.796875,8.460938
-10124.778719398651,-32730.55899980803,55.3,1736656074.3,-0.0234375,3.0390625,4.226562
-10124.006911655484,-32729.98393076074,55.8,1736656074.3,0.9375,3.09375,6.507812
-10123.74156482939,-32730.72617664487,52.2,1736656074.3,0.75,2.328125,2.601562
-10124.485642382851,-32729.953608660973,56.1,1736656074.3,0.5546875,3.3828125,-8.460938
-10124.733674138375,-32730.94566003433,54.7,1736656074.375,-0.2890625,2.625,7.804688
-10124.620971675746,-32730.382190114786,56.1,1736656074.375,0.109375,3.0390625,6.507812
-10123.255433112545,-32730.3716278556,58.0,1736656074.375,1.265625,2.3125,7.804688
-10123.722253938402,-32730.64221242992,52.3,1736656074.375,0.7265625,2.3359375,-8.78125
-10124.699962577031,-32730.43268268863,56.2,1736656074.45,0.015625,3.0390625,-7.804688
-10125.554998346044,-32731.61902269185,55.3,1736656074.45,-1.34375,2.5,4.875
-10125.162418700233,-32731.3773501122,54.9,1736656074.45,-0.8828125,2.4921875,-3.578125
-10124.86470513968,-32731.33540130685,54.8,1736656074.45,-0.609375,2.3671875,1.945312
-10123.2869100787,-32730.39604672474,54.3,1736656074.525,0.671875,2.3515625,-9.757812
-10123.439320053496,-32730.01938866065,54.2,1736656074.525,0.6640625,2.7578125,-9.757812
-10124.02049123729,-32728.67545526331,51.7,1736656074.6,0.6875,4.171875,-3.578125
-10124.06495455569,-32729.71945811706,58.1,1736656074.6,0.2421875,3.2265625,1.296875
-10124.628901420469,-32730.67661841097,54.0,1736656074.6,-0.6484375,2.5625,-10.41406
-10124.459215859912,-32730.33418018377,53.7,1736656074.6,-0.359375,2.8125,-6.507812
-10123.143086088245,-32730.34059841281,57.8,1736656074.6,0.8515625,2.296875,2.921875
-10125.177083877175,-32731.302442624536,51.7,1736656074.675,-1.0546875,2.421875,-7.484375
-10124.96547690946,-32731.03494402823,54.6,1736656074.675,-0.734375,2.5390625,5.203125
-10123.882537506584,-32729.90219788203,57.8,1736656074.75,0.78125,2.9375,5.851562
-10124.688076930785,-32731.038762910608,56.8,1736656074.75,-0.5,2.390625,-6.507812
-10125.037851212635,-32731.036549759985,53.0,1736656074.825,-0.984375,2.453125,-6.828125
-10124.323549716815,-32730.436183307746,58.2,1736656074.825,-0.0703125,2.640625,6.507812
-10124.407257570929,-32729.80621297188,56.8,1736656074.825,0.15625,3.234375,2.273438
-10124.469075911538,-32729.839714321417,56.8,1736656074.825,0.0859375,3.234375,-5.851562
-10122.947707725158,-32729.99399803672,53.2,1736656074.9,1.1484375,2.375,4.875
-10124.717035439568,-32729.895625312187,56.1,1736656074.9,-0.4140625,3.2109375,6.507812
-10123.225525012118,-32729.80448365837,56.2,1736656074.9,0.9765625,2.6640625,-4.226562
-10122.897758904555,-32729.91848366492,51.4,1736656074.977,1.09375,2.40625,-5.53125
-10123.867052500436,-32730.07291433297,57.1,1736656074.977,0.140625,2.640625,2.601562
-10124.726613184705,-32730.58805203868,52.9,1736656074.977,-0.8515625,2.5,-5.53125
-10125.065190797362,-32730.9512974536,54.1,1736656074.977,-1.3046875,2.296875,2.601562
-10124.01183458599,-32729.666297518164,55.7,1736656075.064,0.125,3.0390625,-8.78125
-10123.438331456917,-32729.51864194341,51.0,1736656075.064,0.7109375,2.953125,-6.828125
-10124.584767620596,-32730.440756870645,56.6,1736656075.125,-0.703125,2.546875,-8.78125
-10124.930799457476,-32730.48440356892,53.6,1736656075.125,-1.0390625,2.640625,-9.757812
-10123.632958496515,-32729.761380636803,51.9,1736656075.125,0.4375,2.8046875,7.484375
-10124.429605294406,-32729.41807855289,56.6,1736656075.125,-0.1640625,3.4296875,8.460938
-10124.019616001691,-32729.889878102505,55.5,1736656075.125,0.03125,2.8359375,9.4375
-10124.143224055924,-32730.382417018824,57.6,1736656075.125,-0.2734375,2.4296875,-3.25
-10123.077743798627,-32728.884206541683,53.7,1736656075.125,1.2890625,3.3984375,8.460938
-10124.40021483414,-32729.185422419025,55.8,1736656075.125,-0.046875,3.6328125,5.851562
-10124.178082328508,-32729.956432132367,52.2,1736656075.125,-0.140625,2.8359375,-9.757812
-10123.16750474346,-32730.08278239913,56.8,1736656075.125,0.7421875,2.328125,-3.25
-10123.864753258898,-32730.03667645896,56.9,1736656075.125,0.1171875,2.640625,-6.507812
-10123.469020204198,-32729.92978803782,57.0,1736656075.125,0.5234375,2.5859375,-6.507812
-10124.275769570091,-32729.437812193555,56.8,1736656075.275,-0.4921875,3.1953125,9.4375
-10124.013951975185,-32729.11447452157,58.5,1736656075.275,-0.1484375,3.4296875,6.507812
-10123.605519192182,-32728.6002799663,62.0,1736656075.275,0.390625,3.8046875,8.460938
-10123.729509490804,-32729.43691515388,55.3,1736656075.275,0.03125,3.0390625,-9.4375
-10123.733306215996,-32729.234126396324,57.1,1736656075.275,0.0859375,3.234375,-3.25
-10123.770718247615,-32729.245361110217,56.4,1736656075.35,0.046875,3.234375,-5.851562
-10123.22967142306,-32729.335758311223,55.7,1736656075.35,0.5390625,2.9921875,-6.828125
-10123.841745585669,-32729.47061929556,54.4,1736656075.35,-0.0859375,3.0390625,-2.601562
-10124.075072293632,-32729.99748730308,54.1,1736656075.35,-0.4609375,2.6015625,1.945312
-10123.35601970852,-32729.757086634592,56.0,1736656075.35,0.296875,2.625,3.898438
-10124.349718802472,-32729.924976809056,52.8,1736656075.35,-0.703125,2.75,-3.25
-10123.931645505618,-32729.08975815101,58.1,1736656075.35,-0.0625,3.4296875,-5.53125
-10124.102932646649,-32729.3614383479,56.1,1736656075.35,-0.3046875,3.21875,8.132812
-10123.197460859588,-32729.992444648906,53.3,1736656075.425,0.8515625,2.2890625,2.921875
-10122.99353230902,-32729.777261537893,51.5,1736656075.425,1.1328125,2.3828125,-8.78125
-10124.366359482608,-32729.54500266449,59.2,1736656075.425,0.03125,3.234375,9.757812
-10123.972723645498,-32730.0167581829,51.9,1736656075.425,0.15625,2.6328125,-8.132812
-10124.044053756112,-32729.83343250444,55.2,1736656075.425,0.1796875,2.828125,-9.4375
-10124.48375792024,-32728.29690378621,55.5,1736656075.425,0.515625,4.390625,2.601562
-10123.832581306991,-32729.1182452687,56.8,1736656075.425,0.703125,3.359375,-8.78125
-10123.287181841442,-32729.20403729505,53.7,1736656075.5,0.2734375,3.0234375,-7.804688
-10123.925307322816,-32729.15628027149,56.4,1736656075.5,-0.3359375,3.21875,-1.945312
-10123.925307322816,-32729.15628027149,53.5,1736656075.5,-0.3359375,3.21875,6.179688
-10123.636686529317,-32729.89045497188,53.4,1736656075.5,-0.2265625,2.4375,4.554688
-10123.568314280365,-32729.87405121532,52.1,1736656075.5,-0.15625,2.4375,7.15625
-10123.891642770874,-32729.999828857806,52.5,1736656075.5,-0.5,2.390625,7.804688
-10124.775917653791,-32730.13164060876,52.6,1736656075.5,-1.390625,2.46875,2.921875
-10123.217002461724,-32729.396089206508,52.7,1736656075.5,0.296875,2.8203125,2.921875
-10122.769656932927,-32728.782608132107,59.6,1736656075.5,0.875,3.3125,-1.945312
-10124.10080664598,-32730.08231871445,56.1,1736656075.575,-0.7734375,2.3203125,-3.25
-10123.208696934058,-32729.54731166118,52.7,1736656075.575,0.21875,2.6328125,-7.484375
-10123.722730828136,-32728.64214522088,58.8,1736656075.575,-0.0703125,3.6328125,4.875
-10123.461331275044,-32729.800622956645,52.5,1736656075.575,-0.0859375,2.4453125,-3.25
-10124.594880823572,-32730.03817204276,55.6,1736656075.65,-0.71875,2.7421875,3.898438
-10124.311337502324,-32729.37123073761,58.2,1736656075.65,-0.1796875,3.2265625,5.53125
-10123.390916166898,-32729.846823865304,52.9,1736656075.65,0.453125,2.40625,-2.921875
-10123.782628354602,-32729.98659222659,55.9,1736656075.65,0.0390625,2.4453125,-4.226562
-10124.344215195482,-32730.33499974413,56.3,1736656075.65,-0.6171875,2.3671875,-4.226562
-10124.915716945414,-32730.662170242456,56.2,1736656075.725,-1.2734375,2.3125,2.601562
-10123.854976122942,-32729.166791684187,58.4,1736656075.725,0.3203125,3.21875,-4.554688
-10123.754312328996,-32729.97337234785,57.1,1736656075.725,0.0703125,2.4453125,9.109375
-10124.376817325758,-32730.11742681381,52.9,1736656075.725,-0.5546875,2.578125,2.601562
-10124.075298954069,-32729.69213136084,55.1,1736656075.725,-0.1015625,2.8359375,-3.25
-10122.752824455776,-32729.773090396327,55.2,1736656075.725,1.0625,2.203125,9.109375
-10124.228713260203,-32729.54820589765,54.9,1736656075.725,-0.1796875,3.03125,-8.460938
-10123.833036229897,-32729.548910205467,54.1,1736656075.8,0.1796875,2.828125,-4.226562
-10122.784016101565,-32729.729163750984,55.4,1736656075.8,1.046875,2.2109375,-4.226562
-10123.321917059617,-32728.87589465199,54.4,1736656075.875,0.546875,3.1875,9.109375
-10123.582823508264,-32728.729588930582,56.7,1736656075.875,0.3515625,3.4140625,-10.41406
-10123.43369938591,-32729.506595081548,52.5,1736656075.875,0.2265625,2.6328125,6.507812
-10124.05458807298,-32728.460363855986,53.3,1736656075.875,0.0,3.828125,9.757812
-10123.645776301397,-32729.15139660176,55.6,1736656075.875,0.1484375,3.0390625,6.179688
-10123.057780734342,-32729.2371263634,54.8,1736656075.95,0.671875,2.7578125,2.601562
-10123.050437264264,-32729.234460166965,55.3,1736656075.95,0.6796875,2.7578125,-3.898438
-10124.686111453891,-32729.994554748908,54.5,1736656075.95,-1.1171875,2.6015625,-3.898438
-10124.411919742584,-32730.269020777338,54.9,1736656075.95,-0.953125,2.25,7.484375
-10124.043451046084,-32728.88020616948,58.0,1736656075.95,-0.1328125,3.4296875,-6.179688
-10122.279403692084,-32729.19872607981,55.6,1736656076.025,1.3359375,2.5,-2.273438
-10122.91740705957,-32728.767060130103,56.2,1736656076.025,0.875,3.1171875,-6.507812
-10123.904739792571,-32729.424492660008,54.5,1736656076.025,-0.2734375,2.8203125,-2.273438
-10124.095374477756,-32728.423803825568,55.7,1736656076.025,-0.125,3.828125,9.4375
-10123.647027327284,-32728.62648501793,53.8,1736656076.1,0.03125,3.4296875,-4.875
-10123.339427983406,-32729.35818681953,56.1,1736656076.1,0.1171875,2.640625,-7.15625
-10123.21436049172,-32728.929656881628,61.7,1736656076.1,0.359375,3.015625,-1.945312
-10123.908034228429,-32728.957112349555,56.3,1736656076.175,0.0390625,3.234375,-5.851562
-10124.17774068261,-32729.08142739029,53.2,1736656076.175,-0.2578125,3.2265625,5.851562
-10123.871681339951,-32729.596180007484,54.8,1736656076.175,-0.1796875,2.6328125,2.601562
-10124.843799094984,-32730.1241401889,57.3,1736656076.25,-1.28125,2.53125,4.226562
-10124.16203552774,-32729.533808167565,54.4,1736656076.25,-0.421875,2.8046875,-6.507812
-10124.761584197113,-32730.335403797053,56.6,1736656076.25,-1.2890625,2.3046875,2.921875
-10123.442863705328,-32729.624602165182,56.1,1736656076.25,0.203125,2.4375,-5.203125
-10124.436642778825,-32729.98331531764,53.8,1736656076.25,-0.8515625,2.5,5.851562
-10124.190583030966,-32729.78413116404,54.6,1736656076.25,-0.546875,2.5859375,-4.554688
-10123.185570960415,-32729.352576068424,53.4,1736656076.25,0.546875,2.5859375,2.921875
-10124.351735331518,-32730.273249273057,51.9,1736656076.325,-0.34375,2.421875,-4.875
-10123.463289542004,-32729.29598326796,56.6,1736656076.325,0.953125,2.671875,-4.875
-10124.796071589466,-32730.879069720777,52.8,1736656076.325,-1.0625,2.203125,8.132812
-10124.481680779973,-32730.27140544172,53.1,1736656076.407,-0.7578125,2.328125,2.273438
-10122.747707471482,-32728.253241066763,60.2,1736656076.407,1.765625,3.171875,9.109375
-10124.034686020166,-32729.87709423311,53.8,1736656076.407,-0.171875,2.4375,7.484375
-10123.204533779104,-32729.499667073826,53.7,1736656076.407,0.734375,2.3359375,-7.15625
-10123.884416520796,-32729.778262505555,53.9,1736656076.407,0.0078125,2.4453125,2.273438
-10123.99125904169,-32729.614577797834,55.2,1736656076.407,0.0,2.640625,7.15625
-10124.667136386712,-32729.899880833746,56.6,1736656076.407,-0.7265625,2.7421875,-6.507812
-10124.591953722436,-32729.82768786452,56.6,1736656076.407,-0.625,2.765625,-7.15625
-10123.63604949505,-32728.4573099309,59.9,1736656076.475,0.2734375,3.421875,-1.945312
-10123.495671520372,-32729.04059231588,57.3,1736656076.475,0.1875,2.828125,-2.921875
-10123.353298026925,-32729.17309418885,51.5,1736656076.55,0.3671875,2.6171875,2.921875
-10124.43663957536,-32728.345881250312,54.0,1736656076.55,-0.2734375,3.8203125,1.945312
-10123.983539702132,-32728.99766914373,60.2,1736656076.55,-0.1328125,3.0390625,6.828125
-10123.571988623418,-32728.41397700708,56.5,1736656076.631,0.484375,3.3984375,-8.78125
-10123.41337692093,-32729.192010098854,54.5,1736656076.631,0.3046875,2.625,8.78125
-10123.490757317804,-32728.79781569592,55.7,1736656076.631,0.3984375,3.015625,-8.78125
-10123.734845041246,-32728.677579146588,58.8,1736656076.631,0.2265625,3.2265625,7.484375
-10123.702423364204,-32728.241702014908,57.0,1736656076.631,0.4375,3.609375,-6.828125
-10124.575744857872,-32729.956222378303,51.7,1736656076.631,-1.0703125,2.4140625,8.78125
-10123.169887703543,-32729.32970567369,53.9,1736656076.631,0.46875,2.3984375,8.132812
-10123.960769937688,-32729.37546801039,53.5,1736656076.7,-0.375,2.6171875,9.4375
-10122.757778078616,-32728.79191825796,52.9,1736656076.7,0.9609375,2.671875,-7.484375
-10124.380939938555,-32729.97599076644,52.3,1736656076.7,-1.0,2.234375,-7.484375
-10124.642153606614,-32729.68925207044,53.8,1736656076.7,-1.125,2.6015625,10.08594
-10122.3103333467,-32728.997553584835,55.8,1736656076.7,1.2890625,2.3046875,-10.41406
-10122.2754436931,-32728.999401609886,56.5,1736656076.7,1.3203125,2.2890625,9.4375
-10123.81960575445,-32728.42778533221,58.0,1736656076.7,0.1328125,3.4296875,-7.15625
-10123.99382465548,-32728.28210595289,58.2,1736656076.7,0.03125,3.6328125,2.921875
-10124.630527766769,-32729.93545746942,56.6,1736656076.775,-1.2890625,2.3046875,-9.109375
-10124.7949380047,-32729.82660588149,54.7,1736656076.775,-1.3984375,2.46875,-5.53125
-10123.23138510126,-32729.21164385445,54.4,1736656076.775,0.28125,2.4296875,-2.273438
-10124.245770890217,-32729.03639016981,54.7,1736656076.775,-0.5859375,2.984375,2.273438
-10123.32868525695,-32729.04067903712,57.9,1736656076.775,0.2578125,2.625,7.15625
-10123.53286792287,-32728.89769922036,57.4,1736656076.775,0.125,2.8359375,-10.41406
-10123.61561590994,-32729.144358416248,56.9,1736656076.775,-0.046875,2.640625,-9.109375
-10122.966619893736,-32728.752865042643,56.2,1736656076.85,0.703125,2.75,8.132812
-10123.955900140065,-32729.100971506028,54.9,1736656076.85,-0.34375,2.8125,8.132812
-10124.389074380131,-32729.139010851493,56.7,1736656076.85,-0.7578125,2.9453125,1.625
-10124.132684512504,-32729.446488584166,55.7,1736656076.85,-0.640625,2.5625,9.109375
-10122.246043010326,-32729.136387865787,54.6,1736656076.85,1.21875,2.1171875,-7.804688
-10124.191210298435,-32729.75076318574,52.5,1736656076.85,-0.8125,2.3046875,8.132812
-10124.191210298435,-32729.75076318574,55.0,1736656076.85,-0.8125,2.3046875,-7.804688
-10123.67242096684,-32728.252802772942,57.3,1736656076.925,0.078125,3.4296875,3.578125
-10123.79941587446,-32728.952829089754,50.6,1736656076.925,-0.2890625,2.8203125,9.757812
-10122.789383453806,-32728.861851663725,54.9,1736656076.925,0.6875,2.546875,5.851562
-10123.45809301274,-32729.01544751636,53.6,1736656076.925,0.0078125,2.640625,5.851562
-10123.494687648508,-32728.60222066844,56.4,1736656077.0,0.2734375,3.0234375,-8.460938
-10124.198090009197,-32729.34473613066,54.9,1736656077.075,-0.9921875,2.4453125,-6.179688
-10123.495077984571,-32728.41284924099,57.0,1736656077.15,-0.28125,3.0234375,-3.25
-10123.779724562934,-32728.98211776942,50.4,1736656077.15,-0.703125,2.546875,-10.08594
-10124.264732632111,-32729.346128743484,59.2,1736656077.225,-1.265625,2.3203125,-6.828125
-10121.588424618429,-32723.59413830973,58.9,1736656077.375,2.7265625,7.078125,-7.484375
-10123.013616942018,-32727.96363302507,58.1,1736656077.375,0.21875,3.2265625,-7.484375
-10122.777131157083,-32728.72525025285,55.7,1736656077.375,0.25,2.4296875,-9.4375
-10124.347818885117,-32729.08152851718,54.5,1736656077.375,-1.359375,2.4921875,-7.484375
-10123.01284793252,-32728.57004561154,56.0,1736656077.45,0.0625,2.640625,-6.179688
-10123.046508050207,-32728.472544990807,52.5,1736656077.525,-0.3515625,2.6171875,-8.132812
-10123.803951099124,-32728.58444987644,51.8,1736656077.525,-1.1171875,2.609375,4.875
-10122.54118580016,-32727.788055124754,60.1,1736656077.525,0.2421875,3.2265625,-6.828125
-10124.08975092211,-32728.285869362862,56.8,1736656077.6,-1.2890625,2.96875,3.898438
-10123.030202692667,-32728.4502340568,55.3,1736656077.6,-0.2734375,2.625,3.898438
-10123.332045321207,-32728.759288532983,55.0,1736656077.675,-0.5234375,2.390625,9.109375
-10123.663015860417,-32728.716304090085,54.1,1736656077.75,-0.8359375,2.5078125,4.875
-10123.838594274264,-32729.08311554285,53.9,1736656077.9,-0.9921875,2.234375,-6.828125
-10122.89533066319,-32728.566284708257,54.8,1736656077.9,0.0625,2.4453125,-8.460938
-10123.986928359638,-32728.949500588045,57.5,1736656077.9,-1.09375,2.40625,-6.179688
-10122.982738348868,-32728.51964368643,52.8,1736656078.053,0.0078125,2.4453125,7.484375
-10124.049587705536,-32728.43649913413,56.0,1736656078.053,-0.96875,2.8828125,3.578125
-10123.77882822831,-32728.72963737481,54.9,1736656078.053,-0.8125,2.515625,1.625
-10122.727361877289,-32728.444919935097,56.5,1736656078.125,0.2734375,2.4296875,9.757812
-10124.135302371782,-32728.509694521665,56.1,1736656078.2,-0.8984375,2.90625,1.945312
-10124.301683398537,-32728.966605398367,52.8,1736656078.2,-1.234375,2.5546875,-6.828125
-10123.505162002202,-32728.779230562155,51.5,1736656078.2,-0.4296875,2.40625,1.945312
-10124.321391271058,-32728.319590600328,56.1,1736656078.275,-1.3828125,2.921875,-3.898438
-10123.491510484895,-32728.66336763037,54.5,1736656078.275,-0.6953125,2.34375,1.625
-10123.61758976874,-32728.53471444574,52.6,1736656078.364,-0.578125,2.578125,1.296875
-10122.97220810772,-32727.99295390428,53.6,1736656078.425,0.2265625,2.828125,4.875
-10123.520438560052,-32728.705763946506,55.3,1736656078.425,-0.5546875,2.3828125,4.875
-10124.13426678941,-32728.498600163057,54.2,1736656078.5,-0.578125,2.984375,8.132812
-10122.920906256017,-32728.22935123449,55.1,1736656078.5,0.59375,2.5703125,2.921875
-10122.765099595726,-32728.189815614827,54.3,1736656078.575,0.1171875,2.4453125,7.804688
-10122.956604466395,-32728.25753304341,56.3,1736656078.575,-0.0859375,2.4453125,8.78125
-10122.556498519169,-32727.821902819684,59.4,1736656078.65,0.0234375,2.640625,-6.828125
-10122.254111403812,-32726.388316938832,56.1,1736656078.65,0.625,3.9765625,-2.273438
-10123.638649522904,-32728.32236060429,51.7,1736656078.65,-1.140625,2.3828125,-6.828125
-10123.531585689754,-32728.482887178245,56.6,1736656078.729,-1.0703125,2.203125,-4.554688
-10123.578337958454,-32728.52509512213,52.9,1736656078.729,-1.125,2.171875,-5.851562
-10121.264152872822,-32726.320728719285,58.2,1736656078.876,1.296875,3.8125,9.757812
-10123.476281855244,-32728.38064744348,52.8,1736656078.95,-1.2109375,2.125,-6.507812
-10122.359931421342,-32727.790360640327,55.9,1736656079.1,-0.0546875,2.4453125,5.53125
-10122.480874907296,-32727.726317320787,51.1,1736656079.175,-0.484375,2.3984375,-5.53125
-10122.44993432194,-32726.30707793503,55.2,1736656079.175,-0.359375,3.8125,7.15625
-10121.967662090085,-32726.259362364923,57.0,1736656079.175,0.125,3.828125,-8.78125
-10122.38117658337,-32727.707813975143,54.6,1736656079.256,-0.234375,2.4375,4.875
